Tên dược liệu,Link ảnh,Link chi tiết,Mô tả cây,Sinh thái,Phân bố,Bộ phận dùng,Công dụng
Cao cẳng bắc bộ,https://tracuuduoclieu.vn/wp-content/uploads/2022/12/cao-cang-bb-2-e1671503062152-247x360.jpg,https://tracuuduoclieu.vn/cao-cang-bac-bo.html,"Cây thân thảo, sống lâu năm. Thân rễ ngắn, rễ chùm mảnh, hình sợi.Lá tập trung ởphầngốc, phiến lá hình ngọn giáo ngược dài 15-21cm, rộng 3-4 cm, dày, gốc không cân, nhiều gân phụ, có gân ngang, cuống lá dài 15-20 cm.Cụm hoadạngchùm, trụccụmhoa dài 20-25 cm, hoa xếp 2-7 cái trong mỗi lá bắc, lá bắc hình ngọn giáo, cao 8 mm, cuống hoa dài 1cm. Nhị 6; bầu 3 ô, vòi nhụy hình trụ, đầu nhụychia3 thùy ngắn.Quả chụm 3, tròn, to 5m.Mùa ra hoa: Tháng 6-9. Mùa quả: Tháng 8-12.","Mọc ở nơi đất ẩm, nhiều mùn, dưới tán rừng lá rộng thường xanh, rừng trên núi đá.","Ở Việt Nam, Cao cẳng bắc bộ phân bố ở các tỉnh Hà Giang, Lạng Sơn, Quảng Ninh, Thái Nguyên, Hòa Bình và Ninh Bình.",Rễ (củ) – Radix Ophiopogonis tonkinensis.,"Ở Vân Nam (Trung Quốc) thân rễ dùng trị viêm niệu đạo, lao phổi, ho, khạc ra máu và viêm nhánh khí quản."
Cao cẳng lá mác,https://tracuuduoclieu.vn/wp-content/uploads/2022/12/la-mac-1-e1671527998657.jpg,https://tracuuduoclieu.vn/cao-cang-la-mac.html,"Cây thân thảo, sống lâu năm. Thân rễ bò dài, phía ngọn chếch lên, dài đến 65cm, đường kính 3-5mm, có đốt, có rễ to.Lá xếp 4-7 cái thành túm, phiến lá xoan thon hay hình mác thon, phần gốc thon nhọn dần thành cuống, dài 5.5-14cm, rộng 1.8-3.5cm, mặt trên màu lục, mặt dưới màu lục tro, có nhiều gân phụ, cuống lá dài 2-7cm.Cụm hoa chùm cao 8-12c, có 10-20 hoa. Hoa có cuống dài 4-6mm, màu trắng. Bẹ hoa 6, hình ngọn giáo dạng trứng, dài 4-6mm, màu trắng. Nhị 6. Bầu trong 8 ô.Quả có cuống ngắn, hình trái xoan, dài 8-9, hạt hình bầu dục.Mùa ra hoa: Tháng 5-6.Mùa quả: Tháng 7-12.",,"Cao cẳng mọc ở nơi đất ẩm, nhiều mùn, dưới tán rừng lá rộng, rừng trẻ nứa.Ở Việt Nam, phân bố ở các tỉnh Tuyên Quang, Lạng Sơn, Hòa Bình, Ninh Bình, Đà Nẵng, Kon Tum, Gia Lai, Lâm Đồng.",,"Dùng trị tim đập mạnh và loạn nhịp, bệnh về tim do phong thấp, lao phổi , viêm phế quản mạn tính, viêm nhánh phế quản."
Cao cẳng trung gian,https://tracuuduoclieu.vn/wp-content/uploads/2022/12/cao-cang-trung-gian-3-min-1-e1671699047513-360x317.jpg,https://tracuuduoclieu.vn/cao-cang-trung-gian.html,"Cây thân thảo, sống lâu năm, mọc thành bụi có củ, thân trên mặt đất rất ngắn.Lá mọc tập trung ở đỉnh thân, phiến lá hình dải, dài 15-55(70) cm, rộng 2-5(8)mm, có 7-9 gân, mép có răng cưa nhỏ, không cuống. Chùm lá bao bọc bởi bẻ nâu.Cụm hoadạngchùm, mọc ở nách lá, cao gần bằng lá. Lá bắc nhỏ, cuống hoa dài hơn lá bắc. Hoa nhỏ màu trắng hoặc màu tím nhạt. Bao hoa có 6 mảnh, dính với nhau ở gốc, xếp 2 vòng, không bằng nhau.Nhị 6, chỉ nhị ngắn. Bầu trung, 3 ô, vòi nhụy hình dùi, đầu nhụy 3 thùy, ngắn.Quả mọng, đường kính 6mm, khi chín có màu tía.Mùa ra hoa: tháng 5-8.Mùa ra quả: Tháng 8-10",,"Cao cẳng trung gian phân bố ở nơi đất ẩm, nhiều mùn, dưới tán rừng, rừng lá rộng thường xanh, rừng tre nứa.
Ở Việt Nam, cây phân bố chủ yếu ở các tỉnh thành Lai Châu, Lào Cai, Cao Bằng, Quảng Nam, Lâm Đồng.",,"Rễ củ dùng trị phổi khô ho khan, thổ huyết lao huyết, phế ung, tiêu khát, đái rắt."
Sài hồ,https://tracuuduoclieu.vn/wp-content/uploads/2022/12/sai-ho-2-360x300.jpg,https://tracuuduoclieu.vn/sai-ho.html,"Sài hồ là cây sống lâu năm, cao 45-70 cm, rễ nhỏ, hình trụ, phân nhánh hoặc không phân nhánh. Thân mọc thẳng, phân nhánh.Lá mọc cách, mép nguyên, hình mác, dài 3-6cm, rộng 6-13cm, đầu lá nhọn, có 7-9 đường gân song song. Lá phía dưới có cuống ngắn, phía trên không có cuống.Cụm hoa hình tán kép, mọc ở kẽ lá và đầu cành, gồm 3-8 tán đơn không bằng nhau, lá bắc hình mác.Hoa nhỏ màu vàng.Quả hình bầu dục, dài độ 5mm, nhưng góc quả rất rõ, có 3 ống tinh dầu nằm ở mặt tiếp giáp.Mùa ra hoa: tháng 7-10.",,"Sài hồ có nguồn gốc ở Nhật Bản và Trung Quốc. Hiện nay, hai đất nước này cũng là nơi trồng nhiều sài hồ nhất. Vào năm 1994, Viện Dược liệu nhập hạt từ hạt giống sài hồ Nhật Bản đã trồng thử ở Trại thuốc Sapa và Tam Đảo. Cây sinh trưởng và phát triển tốt. Tuy nhiên, về chiều cao, cây trồng ở Tam Đảo thấp hơn ở Sapa. Cây trồng ở Sapa đã cho thu hoạch hạt giống và dược liệu.",Rễ đã được phơi khô hoặc sấy khô.,"Sài hồ được dùng chữa sốt, nhức đầu, chóng mặt, sốt do thương hàn, sốt rét, ngực bụng đầy trướng, kinh nguyệt không đều.
Trong y học cổ truyền của các nước phương Đông, sài hồ được dùng điều trị sốt, đau và viêm kết hợp với cúm và cảm lạnh, giảm đau trong suốt quá trình điều trị đau tức ngực và vùng hạ sườn, điều trị vô kinh, viêm gan mạn tính, hội chứng hư thận và bệnh tự nhiên miễn dịch. Trong y học dân gian của một số nước, sài hồ chữa điếc, chóng mặt, đái tháo đường, vết thương và nôn mửa."
Dây lửa ít gân,https://tracuuduoclieu.vn/wp-content/uploads/2022/10/duoc-lieu-2-min-360x300.jpg,https://tracuuduoclieu.vn/day-lua-it-gan.html,,,"Dây lửa ít gân là một thảo dược đặc hiệu quý hiếm chỉ có ở một số vùng nhất định cứ không phân bố rộng như các loại dược liệu khác. Dây lửa ít gân chỉ mọc ở trên núi một số vùng: Tuyên Quang, Yên Bái, Thừa Thiên Huế, Thái nguyên.",,
Trám hồng,https://tracuuduoclieu.vn/wp-content/uploads/2022/10/2-5-min-360x300.jpg,https://tracuuduoclieu.vn/tram-hong.html,,,"Trám hồng phân bố ở Ấn Độ, Mianma, Lào và Việt Nam.
Ở Việt Nam, cây mọc trên đất mùn của rừng thứ sinh đang phục hồi ở Ninh Bình, Thanh Hoá.",,"Quả trám dùng để giải khát, chữa ho, chữa viêm họng. Ngoài ra còn có tác dụng giải độc với các trường hợp ngộ độc cá"
Thiên danh tinh,https://tracuuduoclieu.vn/wp-content/uploads/2022/10/anh-moi-02-360x360.jpg,https://tracuuduoclieu.vn/thien-danh-tinh.html,,,"Thiên danh tinh phân bố ở các khu vực ven đường, bãi cỏ, bụi rậm, lề rừng, ven suối. Loài phân bố ở Ấn Độ, Trung Quốc, Triều Tiên ,Nhật Bản và Bắc Việt Nam.Ở Việt Nam, Thiên danh tinh phân bố phổ biến ở phía Bắc Việt Nam chủ yếu là vùng cao Lào Cai, Hà Tây và Lạng Sơn",,"Quả của Thiên danh tinh dùng để trị giun đũa, giun kim, sán dây, đau bụng giun, viêm mủ ra.Cành, rễ, lá dùng làm thuốc trị các chứng viêm do xung huyết như viêm cuống họng, viêm mạng sườn, viêm phế quản. Có tác dụng trị đau họng khá tốt.Ngoài ra cành và lá có thể trị được trùng độc cắn.Theo kinh nghiệm của dân gian Trung Quốc lá non giã nhừ chữa bệnh thối gan bàn chân. Dùng cành lá giã đắp ngoài trị côn trùng độc cắn, đốt.
Đơn thuốc có Thiên danh tinh
Trị giun đũa, giun kim : Hạc sắc 10g, hạt Cau 10g, Sử quân tử 10g sắc nước uống.Trị côn trùng độc cắn, đốt: Sử dụng cành lá thiên danh tinh giã nát đắp bên ngoài vùng bị bệnh."
Nho biển,https://tracuuduoclieu.vn/wp-content/uploads/2022/10/2-2.png,https://tracuuduoclieu.vn/nho-bien.html,,"Cây nho biển có nguồn gốc từ bản địa ở Florida, Trung Mỹ, phần tây bắc của Nam Mỹ và Caribe.
Nho biển thuộc cây chịu hạn tốt, sống ở nơi ánh nắng nhiều, chịu được bóng râm vừa phải và đặc biệt rất thích nghi với môi trường mặn, nên thường được trồng để gia cố bờ biển. Nho biển xuất hiện phổ biến ở vùng biển Việt Nam, các khu sinh thái,.. Ở Việt Nam, nho biển phân bố ở vùng khí hậu biển như: Đà Nẵng, Nha Trang, Bình Thuận, quần đảo Hoàng Sa.

Nho biển là loài cây chịu được khí hậu ấm áp, nhưng không thể sống sót trong điều kiện sương giá. Cây có thể chịu lạnh xuống đến khoảng 2 °C, nhưng lá sẽ chuyển sang màu đỏ trước khi rụng. Đặc biệt, hạt của nho biển cần được gieo ngay sau khi thu hoạch vì không thể bảo quản lâu dài như nhiều loài cây khác.
Loài cây này cũng được sử dụng như một loại cây cảnh nhờ ít tốn công chăm sóc, ít bị sâu bệnh và có quả thơm ngon, có thể ăn trực tiếp hoặc làm mứt. Tuy nhiên, một nhược điểm nhỏ là lá nho biển phân hủy khá chậm, đôi khi gây phiền toái cho các hộ gia đình.
Cây nho biển có một loài sâu gây hại nhỏ là sâu đục thân nho biển, một loại bướm đêm bản địa ở Florida. Loài này thường tấn công các nhánh nhỏ và làm chết lá, nhưng thiệt hại thường không nghiêm trọng.","Cây nho biển có nguồn gốc từ bản địa ở Florida, Trung Mỹ, phần tây bắc của Nam Mỹ và Caribe.
Nho biển thuộc cây chịu hạn tốt, sống ở nơi ánh nắng nhiều, chịu được bóng râm vừa phải và đặc biệt rất thích nghi với môi trường mặn, nên thường được trồng để gia cố bờ biển. Nho biển xuất hiện phổ biến ở vùng biển Việt Nam, các khu sinh thái,.. Ở Việt Nam, nho biển phân bố ở vùng khí hậu biển như: Đà Nẵng, Nha Trang, Bình Thuận, quần đảo Hoàng Sa.

Nho biển là loài cây chịu được khí hậu ấm áp, nhưng không thể sống sót trong điều kiện sương giá. Cây có thể chịu lạnh xuống đến khoảng 2 °C, nhưng lá sẽ chuyển sang màu đỏ trước khi rụng. Đặc biệt, hạt của nho biển cần được gieo ngay sau khi thu hoạch vì không thể bảo quản lâu dài như nhiều loài cây khác.
Loài cây này cũng được sử dụng như một loại cây cảnh nhờ ít tốn công chăm sóc, ít bị sâu bệnh và có quả thơm ngon, có thể ăn trực tiếp hoặc làm mứt. Tuy nhiên, một nhược điểm nhỏ là lá nho biển phân hủy khá chậm, đôi khi gây phiền toái cho các hộ gia đình.
Cây nho biển có một loài sâu gây hại nhỏ là sâu đục thân nho biển, một loại bướm đêm bản địa ở Florida. Loài này thường tấn công các nhánh nhỏ và làm chết lá, nhưng thiệt hại thường không nghiêm trọng.",,"Cây này không chỉ có giá trị thẩm mỹ mà còn giúp ổn định các đụn cát và tạo môi trường sống bảo vệ cho động vật nhỏ. Những cây nho biển cao mọc phía sau các bãi biển còn giúp ngăn ánh sáng từ các tòa nhà gần đó làm phân tâm rùa biển.
Ngoài công dụng trang trí, nho biển còn có nhiều ứng dụng khác. Nhựa cây đã được sử dụng để nhuộm và thuộc da, trong khi gỗ cây thỉnh thoảng được dùng để làm đồ nội thất, củi hoặc than. Quả của cây nho biển có thể ăn trực tiếp, chế biến thành mứt, hoặc lên men để làm rượu nho biển. Lá cây có thể được dùng để pha trà, và ong mật cũng có thể làm ra loại mật ong đặc biệt từ phấn hoa của cây.
Ở những nơi khác, cây nho biển cũng được sử dụng trong y học truyền thống. Ví dụ, ở Puerto Rico và vùng Caribbean, rễ và vỏ cây nho biển được dùng trong các bài thuốc dân gian, trong khi tại bán đảo Yucatán, trà làm từ vỏ cây nho biển pha với rượu được dùng để điều trị loét. Tại Guiana thuộc Pháp, một loại nước ép làm từ toàn bộ cây, gọi là Jamaica kino, được sử dụng để điều trị tiêu chảy và kiết lỵ.
Tại Brazil, một số loài nho biển được sử dụng làm thuốc co mạch để điều trị lậu, bệnh trĩ, chảy máu tử cung, tiêu chảy và rối loạn kinh nguyệt. Trong y học dân gian, nho biển được cho là có tác dụng tốt đối với nhiều bệnh lý, bao gồm yếu sinh lý, thiếu máu, mất ngủ, suy giảm trí nhớ, giảm thị lực, căng thẳng và lo âu. Người Mỹ bản địa đã chế biến trà từ lá, vỏ và rễ cây nho biển để chữa tiêu chảy, chảy máu, kiết lỵ và các bệnh truyền nhiễm. Vỏ cây được sử dụng để chữa các vấn đề về da như phát ban, trong khi lá được dùng để điều trị hen suyễn và khản tiếng, cũng như làm sạch vết thương. Nhựa cây vỏ được sử dụng để điều trị các bệnh về cổ họng."
Su hào,https://tracuuduoclieu.vn/wp-content/uploads/2022/10/su-hao-360x360.jpg,https://tracuuduoclieu.vn/su-hao.html,,,"Lịch sử ghi nhận lần đầu tiên cây su hào được nhắc đến trong văn bản châu Âu là vào năm 1554 bởi nhà thực vật học Mattioli. Ông viết rằng su hào “mới du nhập vào Ý gần đây”. Đến cuối thế kỷ 16, su hào đã lan rộng ra Bắc Âu và được trồng ở Áo, Đức, Anh, Ý, Tây Ban Nha, Tripoli và một số vùng ở phía Đông Địa Trung Hải.
Su hào có nguồn gốc từ vùng biển Địa trung hải được trồng ở các nước châu Âu và các nước ôn đới. Cây sinh trưởng và phát triển ở nhiệt độ 12-22 độ C.
Ở Việt Nam, Su hào được du nhập và trồng từ cuối thế kỷ 19. Hiện nay cây được trồng ở nhiều tỉnh phía Bắc trong mùa đông và được sử dụng làm rau ăn.
Su hào có thể phát triển tốt trong hệ thống thủy canh mà không làm tắc nghẽn hệ thống dưỡng chất. Cây su hào trưởng thành sau khoảng 55-60 ngày và có thể giữ được độ tươi ngon trong vòng 30 ngày sau khi thu hoạch. Thông thường, su hào có kích thước khoảng 150g.",,
Hương thảo,https://tracuuduoclieu.vn/wp-content/uploads/2022/10/huong-thao-360x360.jpg,https://tracuuduoclieu.vn/huong-thao.html,,,"Cây có nguồn gốc từ vùng Địa Trung Hải, nhưng cũng có thể chịu được khí hậu mát mẻ. Một số giống đặc biệt như ‘Arp’ có thể chịu được nhiệt độ mùa đông xuống tới khoảng −20°C.
Hương thảo có nguồn gốc từ vùng Địa Trung Hải, cũng như Bồ Đào Nha và tây bắc Tây Ban Nha. Nó được nhắc đến lần đầu tiên trên các phiến đá hình nêm sớm nhất là vào năm 5000 trước Công nguyên. Loại thảo mộc này đã được thuần hóa ở Trung Quốc sớm nhất là vào năm 220 sau Công nguyên, dưới thời Hậu Hán.
Hương thảo đến Anh vào một thời điểm không xác định, mặc dù có khả năng người La Mã đã mang nó đến khi họ xâm chiếm Anh vào năm 43 sau Công nguyên. Tuy nhiên, không có ghi chép đáng tin cậy nào về hương thảo ở Anh cho đến thế kỷ thứ 8 sau Công nguyên. Lần đề cập này nằm trong một tài liệu sau này được cho là của Charlemagne, người đã khuyến khích việc sử dụng chung các loại thảo mộc và đặc biệt ra lệnh trồng hương thảo trong các vườn và trang trại tu viện.
Không có ghi chép nào về việc hương thảo được thuần hóa đúng cách ở Anh cho đến năm 1338, khi các cành giâm được gửi đến Nữ hoàng Philippa bởi mẹ của bà, Nữ bá tước Joan xứ Hainault. Sau đó, nó được trồng trong vườn của cung điện Westminster cũ. Kể từ đó, hương thảo có thể được tìm thấy trong hầu hết các văn bản thảo dược của Anh.
Cuối cùng, hương thảo đã đến châu Mỹ cùng với những người định cư châu Âu đầu tiên vào đầu thế kỷ 17, và nhanh chóng lan sang Nam Mỹ và phân bố trên toàn cầu.",,
Chanh trường,https://tracuuduoclieu.vn/wp-content/uploads/2018/03/chanh-truong-4-360x360.jpg,https://tracuuduoclieu.vn/chanh-truong.html,"Cây nhỏ, cao 0,5-1m. Thân hơi dẹt, đôi khi hóa gỗ ở gốc, nhẵn bóng.Lá mọc so le, hình mác hoặc hình quả trám, gốc có phiến kéo dài đến tận cuống, đầu thuôn nhọn, mép nguyên, uốn lượn, hai mặt nhẵn; cuống lá dài 2-3cm.Cụm hoa mọc ở kẽ lá thành chùm; hoa nhỏ màu trắng; đài hình chuông hoặc hình đấu, có 5 răng xẻ đến phần giữa ống, tràng 5 cánh nhọn, nhẵn; nhị 5, mở bằng đường nứt ngang.Quả mọng, hình cầu, nhẵn bóng, khi chín màu vàng nhạt, hạt nhiều, có góc.Mùa ra hoa: tháng 7-9. Mùa quả: tháng 10-2.","Chanh trường là cây thân thảo, thường mọc trên đất ẩm ở bờ rào vườn, trên các bãi hoang quanh làng, ven đường đi hoặc nương rẫy.
Chanh trường có nguồn gốc ở châu Mỹ, phân bố rộng rãi ở 1 số vùng cận nhiệt đới hoặc nhiệt đới châu Á bao gồm Trung Quốc, Ấn Độ, Lào và Việt Nam…Ở Việt Nam, chanh trường thường gặp ở các tỉnh miền núi phía Bắc như Cao Bằng, Lạng Sơn, Tuyên Quang, Thái Nguyên, Hà Giang,…","Chanh trường là cây thân thảo, thường mọc trên đất ẩm ở bờ rào vườn, trên các bãi hoang quanh làng, ven đường đi hoặc nương rẫy.
Chanh trường có nguồn gốc ở châu Mỹ, phân bố rộng rãi ở 1 số vùng cận nhiệt đới hoặc nhiệt đới châu Á bao gồm Trung Quốc, Ấn Độ, Lào và Việt Nam…Ở Việt Nam, chanh trường thường gặp ở các tỉnh miền núi phía Bắc như Cao Bằng, Lạng Sơn, Tuyên Quang, Thái Nguyên, Hà Giang,…","Lá và rễ thu hái quanh năm, dùng tươi hay sấy khô","Nhân dân thường dùng lá chanh trường chữa đau bụng, chướng bụng, phù thũng. Ngày dùng 6-12g lá khô dưới dạng thuốc sắc. Rễ được dùng chữa kinh nguyệt không đều với liều 10-12g/ngày, sắc nước uống.
Chanh trường ăn được, dùng làm gia vị."
Sương sáo,https://tracuuduoclieu.vn/wp-content/uploads/2022/02/xuong-sao-3-360x360.jpg,https://tracuuduoclieu.vn/suong-sao.html,,"Loài của Nam Trung Quốc. Ta có trồng ở một số nơi, như Bảo Lộc (LâmĐồng), Sa Đéc (Đồng Tháp), Châu Đốc (An Giang)… Thu hái cây toàn năm nhưng chủ yếu vào mùa xuân hè, rửa sạch, cắt đoạn, phơi khô để dùng dần.","Loài của Nam Trung Quốc. Ta có trồng ở một số nơi, như Bảo Lộc (LâmĐồng), Sa Đéc (Đồng Tháp), Châu Đốc (An Giang)… Thu hái cây toàn năm nhưng chủ yếu vào mùa xuân hè, rửa sạch, cắt đoạn, phơi khô để dùng dần.",Phần cây trên mặt đất – Herba Mesonae Chinenesis. Ở Trung Quốc thường gọi là Lương phấn thảo.,"Ở những nơi trồng, người ta dùng thân và lá Sương sán nấu thạch đen ăn cho mát.
Xay cây lá thành bột, thêm nước vào nấu kỹ, lọc lấy nước, thêm ít bột sắn hay bột gạo vào nấu cho sôi lại, để nguội làm thạch mềm màu đen, để cho mau đông, người ta thêm nước tro hoặc hàn the. Khi ăn thạch, thái miếng nhỏ cho vào chén, thêm nước đường, tinh dầu thơm, dùng ăn như các loại thạch khác.
Còn được dùng làm thuốc chữa: 1. Cảm mạo do nắng; 2. Huyết áp cao; 3. Đau cơ và các khớp xương; 4. Đái đường; 5. Viêm gan cấp. Liều dùng 30-60g, dạng thuốc sắc.
Đơn thuốc:
Đái đường: Sương sáo 30g, Biển súc (Rau đắng) 30g, Rung rúc 45g. Đun sôi lấy nước uống ngày một lần.
Nguồn: Từ điển cây thuốc Việt Nam"
Bản xé thơm,https://tracuuduoclieu.vn/wp-content/uploads/2022/01/ban-xe-thom-5-360x333.jpg,https://tracuuduoclieu.vn/ban-xe-thom.html,,"Phân bố: Lai Châu, Sơn La, Phú Thọ, Hà Nội, Ninh Bình, Bình Định, Kon Tum, Gia Lai, Đắk Lắk, Lâm Đồng, Bình Dương, Tây Ninh, Đồng Nai, An Giang. Còn có ở Ấn Độ, Trung Quốc, Lào, Thái Lan, Xri Lanca.
Sinh thái: Thường gặp trong rừng thường xanh núi cao, trong rừng khô rụng lá từ vùng thấp cho đến độ cao 1500m. Cây ưa sáng, chịu hạn kém. Tái sinh bằng hạt tốt nơi có tàn che thưa.
Bộ phận dùng:
Quả, vỏ rễ . Fructus et Cortex Radi-cis Albiziae Odoratissimae.","Phân bố: Lai Châu, Sơn La, Phú Thọ, Hà Nội, Ninh Bình, Bình Định, Kon Tum, Gia Lai, Đắk Lắk, Lâm Đồng, Bình Dương, Tây Ninh, Đồng Nai, An Giang. Còn có ở Ấn Độ, Trung Quốc, Lào, Thái Lan, Xri Lanca.
Sinh thái: Thường gặp trong rừng thường xanh núi cao, trong rừng khô rụng lá từ vùng thấp cho đến độ cao 1500m. Cây ưa sáng, chịu hạn kém. Tái sinh bằng hạt tốt nơi có tàn che thưa.
Bộ phận dùng:
Quả, vỏ rễ . Fructus et Cortex Radi-cis Albiziae Odoratissimae.",,"Ở Lào, người ta dùng vỏ khô làm bột đắp lên vết thương.Ở Ấn Độ, vỏ dùng đắp ngoài có hiệu quả trong bệnh phong hủi và loét ngoan cố. Lá được dùng sắc với bơ lỏng dùng chữa ho,Ở Vân Nam (Trung Quốc), vỏ cây dùng trị viêm khớp do phong thấp, đòn ngã tổn thương, vết thương hở xuất huyết và lở ghẻ."
Bại tượng hoa trắng,https://tracuuduoclieu.vn/wp-content/uploads/2021/12/bai-tuong-hoa-trang-1-360x333.jpg,https://tracuuduoclieu.vn/bai-tuong-hoa-trang.html,,"Cây mọc rải rác trên các trảng cỏ.
Phân bố: Cao Bằng, Lạng Sơn. Còn có ở Trung Quốc, Triều Tiên, Nhật Bản…
Bộ phận dùng:
Toàn cây – Herba Patriniae, gọi là Bại tượng thảoThu hái vào mùa hạ trước khi có hoa nở, rửa sạch thái nhỏ phơi trong râm.","Cây mọc rải rác trên các trảng cỏ.
Phân bố: Cao Bằng, Lạng Sơn. Còn có ở Trung Quốc, Triều Tiên, Nhật Bản…
Bộ phận dùng:
Toàn cây – Herba Patriniae, gọi là Bại tượng thảoThu hái vào mùa hạ trước khi có hoa nở, rửa sạch thái nhỏ phơi trong râm.",,"Thường dùng trị: Viêm ruột thừa, kiết lỵ, viêm dạ dày ruột, viêm gan, viêm kết mạc, sản hậu huyết ứ đau bụng, mụn nhọt, ghẻ ngứa."
A kê,https://tracuuduoclieu.vn/wp-content/uploads/2021/12/a-ke-2-360x360.jpg,https://tracuuduoclieu.vn/a-ke.html,,,"A kê có nguồn gốc ở các khu rừng tây phi. Chúng phát triển tốt nhất ở những nơi có lượng mưa lớn. Tuy nhiên chúng phát triển tốt nhất ở những nơi có lượng mưa trung bình.
Ake được nhập trồng làm cây cảnh, trồng ở Đồng Nai ( A kê Trung Phi )",,"Ở Châu Phi cận Sahara và các khu vực khác nhau trên thế giới( Caribe, Bắc và Nam Mỹ, Châu Âu).Theo truyền thống nó được sử dụng để điều trị nhiều chứng bệnh như đau lưng, táo bón,ung thư,sốt rét ở trẻ nhỏ, bệnh lậu, bệnh kiết lỵ, rối loạn tinh thần, thoát vị, đau dạ dày, sốt rét, thấp khớp, thương hàn,..Nó còn được sử dụng làm mỹ phẩm và nguồn dược liệu.
Ở Châu Âu, A Kê được cho là một thức ăn giúp làm ngon miệng, khi đem nấu chín trong bơ hoặc nấu với cá biển
Bên cạnh đó, áo hạt cứng, có dầu và có mùi vị như hạt dẻ dùng ăn được.
Ở Việt Nam, A kê cũng được sử dụng khá rộng rãi
Lá (và vỏ)  sắc nước uống lợi tiêu hoá, cũng dùng chữa cảm lạnh và chảy mủ. Nhiều bộ phận khác của cây được xem như làm giảm đau, chống độc, chống nôn, cũng là chất độc và kích thíchHạt / lá cũng được sử dụng làm chất xua đuổi côn trùng và lá đã được báo cáo là có tác dụng gây chết đối với ấu trùng của nhiều loài muỗi khác nhau.
Lưu ý: Hypoglycin A và hypoglycin B  được tìm thấy trong phần vỏ chưa chín của A kê và việc tiêu thụ sẽ dẫn đến hạ đường huyết, nôn mửa, rối loạn quá trình tạo gluconeogenes có thể dẫn đến hôn mê và tử vong. Không được ăn quả A kê xanh"
Áo cộc,https://tracuuduoclieu.vn/wp-content/uploads/2021/12/ao-coc-5-360x345.jpg,https://tracuuduoclieu.vn/ao-coc.html,,"Cây phân bố ở các tỉnh: Lào Cai, Sơn La. Còn có ở Trung Quốc.
Thường mọc rải rác trong rừng rậm nhiệt đời thường xanh mưa ẩm, ở thung lũng, khe nước hay chân núi. Tái sinh bằng hạt và chổi.","Cây phân bố ở các tỉnh: Lào Cai, Sơn La. Còn có ở Trung Quốc.
Thường mọc rải rác trong rừng rậm nhiệt đời thường xanh mưa ẩm, ở thung lũng, khe nước hay chân núi. Tái sinh bằng hạt và chổi.",Rễ và vỏ cây – Radix et Cortex Liriodendronis.,"Ở Vân Nam (Trung Quốc), rễ dùng trị phong thấp tế đau khớp xương. Vỏ dùng trị bệnh do thủy thấp phong hàn dẫn tới họ, khí cấp, miệng khát, tứ chi yếu mỏi.
Đơn thuốc:
Áo cộc 40g vỏ khô, gia Nguyên tuy, Sơn du ma (Âm hành thảo), mỗi vị đều 24g, gừng già 1,2g, cam thảo 12g.Nấu nước, thêm đường đỏ, sáng sớm uống trước bữa ăn.Ngày 1 thang."
Anh đào,https://tracuuduoclieu.vn/wp-content/uploads/2021/12/anh-dao-1-360x332.jpg,https://tracuuduoclieu.vn/anh-dao.html,,"Sinh thái: Mọc rải rác trong rừng thưa, rừng thường xanh, ở độ cao 100-1800m.
Phân bố: Lai Châu, Lào Cai, Hà Giang, Cao Bằng, Hòa Bình, Ninh Bình, Lâm Đồng. Cây được trồng nhiều nhất ở thành phố Đà Lạt. Còn có ở Nepan, Mianma, Trung Quốc, Lào, Thái Lan.
Bộ phận dùng:
Nhân hạt – Semen Pruni.","Sinh thái: Mọc rải rác trong rừng thưa, rừng thường xanh, ở độ cao 100-1800m.
Phân bố: Lai Châu, Lào Cai, Hà Giang, Cao Bằng, Hòa Bình, Ninh Bình, Lâm Đồng. Cây được trồng nhiều nhất ở thành phố Đà Lạt. Còn có ở Nepan, Mianma, Trung Quốc, Lào, Thái Lan.
Bộ phận dùng:
Nhân hạt – Semen Pruni.","Sinh thái: Mọc rải rác trong rừng thưa, rừng thường xanh, ở độ cao 100-1800m.
Phân bố: Lai Châu, Lào Cai, Hà Giang, Cao Bằng, Hòa Bình, Ninh Bình, Lâm Đồng. Cây được trồng nhiều nhất ở thành phố Đà Lạt. Còn có ở Nepan, Mianma, Trung Quốc, Lào, Thái Lan.
Bộ phận dùng:
Nhân hạt – Semen Pruni.","Quả có vỏ quả khá dày, thịt đỏ, mọng nước, ngọt, mùi dễ chịu, có thể ăn được và chế rượu uống, người ta đã chế ra loại rượu Anh đào của Đà lạt.
Ở Ấn Độ, các cành nhỏ được dùng làm nguyên liệu thay thế acid hydroyanic, nhân hạt được dùng là thuốc trị sỏi và sỏi thận.
Ghi chú:
Lá, hạch và quả cây Anh đào – Prunus pseudocerasus Lindl., có quả ăn được, nhân hạt được dùng làm thuốc.Lá giải độc thâu chẩn, hạch quả thanh nhiệt thấu chẩn, quả ích khí khư phong thấp."
Anh thảo,https://tracuuduoclieu.vn/wp-content/uploads/2020/10/anh-thao-1-360x360.jpg,https://tracuuduoclieu.vn/anh-thao.html,,"Hoa anh thảo (Oenothera biennis) là một loài cây dễ mọc trong môi trường bị xáo trộn và được xem như một loại cỏ dại. Cây đã được du nhập và thích nghi trên tất cả các châu lục, ngoại trừ châu Nam Cực.
Nguồn thức ăn:Hạt của hoa anh thảo là thức ăn quan trọng cho nhiều loài chim, như chim American goldfinch, Northern bobwhite, và mourning dove.Môi trường sống:Cây là vật chủ cho ấu trùng của loài bướm đêm primrose (Schinia florida) và sâu bướm trắng sọc (white-lined sphinx moth). Các loài ong vò vẽ và ong mật cũng thường ghé thăm hoa để lấy mật.Bướm đêm primrose:Loài này đẻ trứng trực tiếp trên hoa anh thảo. Khi trứng nở, ấu trùng sử dụng cây làm nguồn thức ăn chính.
Hạt của loài cây này có khả năng tồn tại lâu dài trong đất, lên đến hơn70 năm, giúp chúng dễ dàng tái sinh và duy trì quần thể trong tự nhiên.","Có khoảng 145 loài trong chi Oenothera L., xuất hiện ở vùng khí hậu ôn đới và nhiệt đới ở miền Bắc và Nam Mỹ. Có khoảng 70 loài hiện đang có mặt ở châu Âu.
Loài chiếm số lượng nhiều nhất trong họ Oenothera L. làOenothera biennisL.. Đây cũng là loài được nghiên cứu nhiều nhất về các tác dụng sinh học. Anh thảo đã được thấy có lợi trong điều trị nhiều bệnh.
Oenothera biennisL.được trồng đầu tiên bởi các thổ dân ở Bắc Mỹ. Họ đã sử dụng cây để điều trị các triệu chứng sưng trong cơ thể và các vấn đề sức khỏe khác. Dầu các loài Oenothera đã được người Ấn Độ sử dụng để làm giảm các rối loạn về da.
Năm 1614, các nhà thực vật học từ Virginia đã mang đến châu Âu để nghiên cứu.Oenothera được giới thiệu ở châu Âu với cái tên ‘king’s cure-all” (vua chữa bách bệnh).Các sách y văn thảo dược cổ đã mô tả Hoa anh thảo có tác dụng làm se và an thần, hữu ích trong điều trị rối loạn tiêu hóa, rối loạn ho, hen suyễn, các khó chịu trên nữ giới và chữa lành vết thương.Năm 1919, một acid linolenic mới đã được tìm thấy bởi Heiduschka và Lüft khi họ phân tích dầu hạt; họ đặt tên là acid gamma-linolenic (GLA).
CâyOenothera biennisL.(anh thảo) ưa nắng, và những nơi khô cằn với đất mùn và xuất hiện ở độ cao dưới 700 mét so với mực nước biển.",,"Ngày nay, hoa anh thảo chủ yếu được biết đến với công dụng làm cảnh, thực phẩm và làm thuốc."
Sâm tố nữ,https://tracuuduoclieu.vn/wp-content/uploads/2019/02/sam-to-nu-360x250.jpg,https://tracuuduoclieu.vn/sam-to-nu.html,"Sắn dây củ tròn là loài dây leo, sống lâu năm, có thể dài tới 10 m. Rễ phát triển thành củ tròn, to. Lá kép, mọc so le gồm 3 lá chét nguyên hoặc xẻ thùy. Cụm hoa hình chùm mọc so le gồm 3 lá chét nguyên hoặc xẻ thùy, mọc ở kẽ lá gồm nhiều loại hoa màu xanh tím, thơm. Quả giáp dẹt màu vàng nhạt, có lông mềm, thắt lại giữa các hạt.",,"Sâm tố nữlần đầu tiên được tìm thấy ở phía Bắc Thái Lan, Myanmar cách đây 800 năm. Hiện nay, loài cây này phân bố chủ yếu trong các khu rừng rụng lá ở vùng Đông Bắc và Tây Bắc Thái Lan, Myanma, Ấn Độ. Kể từ khi được phát hiện cho đến nay, Sâm tố nữ vẫn được sử dụng phổ biến ở Thái Lan như một phương thuốc bí truyền giúp cải lão hoàn đồng với tác dụng làm đẹp da, đen tóc, tăng tuần hoàn máu, cải thiện trí nhớ và duy trì sinh lí cho phụ nữ.
Tại Việt Nam, năm 2011, trong một chuyến điều tra khảo sát nguồn tài nguyên cây thuốc tại Bản Cá – Sơn La, Cử nhân Ngô Văn Trại – Nguyên cán bộ Viện Dược Liệu Trung Ương đã tình cờ phát hiện thấy sự có mặt của Sâm tố nữ trong khu vực sinh sống của người dân tộc Thái trắng. Qua điều tra thăm hỏi, được biết những người phụ nữ Thái sinh sống tại đây thường xuyên dùng củ Sâm tố nữ này đắp mặt, sắc lấy nước uống để giúp tóc dài mềm mại, da dẻ mịn màng, eo thon và tăng khả năng sinh đẻ. Trong suốt quá trình nghiên cứu, các nhà khoa học Việt Nam còn phát hiện ra giống Sâm này phân bố ở các tỉnh phía Tây Bắc Việt Nam như Sơn La, Yên Bái, Tuyên Quang và một số huyện miền núi của Thanh Hóa và Nghệ An. Tuy nhiên, do phần củ làm thuốc, vì vậy sau khi khai thác thì cây không còn khả năng tái sinh. Cùng với nhu cầu sử dụng gia tăng ngày một lớn, hiện nay loài cây này trở nên rất quý hiếm và hiếm gặp ở Việt Nam.
Đứng trước thực trạng báo động này, bắt đầu từ cuối năm 2017, công ty TNHH Tuệ Linh đã đầu tư nghiên cứu và phát triển hàng chục hecta các vùng trồng Sâm tố nữ theo tiêu chuẩn GACP-WHO tại vùng Tây Bắc Việt Nam.

Hình 2: Vùng trồng Sâm tố nữ sạch, theo tiêu chuẩn GACP-WHO của công ty TNHH Tuệ Linh",Rễ củ,"Theo kinh nghiệm dân gian, Sâm tố nữ thường dùng với liều 5mg/kg/ngày vào buổi tối để chống nếp nhăn, làm đen tóc và kích thích mọc tóc, giảm đục thủy tinh thể, hỗ trợ điều trị mất trí nhớ, tăng cường thể lực, tăng dẻo dai, tăng tuần hoàn máu và điều trị rối loạn giấc ngủ.
Gần đây, Sâm tố nữ còn được dùng để giảm các triệu chứng liên quan đến tuổi và thiếu hụt oestrogen như ngực chảy xệ, da nhăn, loãng xương và tóc bạc do có chứa các thành phần tác dụng tương tự như oestrogen.Xem thêm:Lợi ích của Pueraria mirifica (Sâm tố nữ) ; Thảo dược giúp giảm các triệu chứng mãn kinh"
Giảo cổ lam,https://tracuuduoclieu.vn/wp-content/uploads/2019/02/giao-co-lam-1-360x256.jpg,https://tracuuduoclieu.vn/giao-co-lam.html,"Giảo cổ lamlà cây thảo mọc leo, sống hằng năm. Thân mảnh, hơi có rãnh, nhẵn. Tua cuốn chẻ đôi ở đầu.Lá kép mọc so le, gồm 3-7 lá chét hình bầu dục-thuôn hoặc mũi mác, dài 3-9cm, rộng 1,5-3cm, gốc thuôn hẹp, đầu nhọn, mép khía răng, hai mặt có lông, ít khi nhẵn, mặt trên sẫm bóng, mặt dưới rất nhạt, có cuống dài 3-7cm.Hoa đơn tính khác gốc, mọc ở kẽ lá và đầu ngọn thành chùy buông chõng có thể dài đến 30cm (ở cụm hoa cái ngắn hơn); hoa nhỏ, hình sao, bao hoa rất ngắn, to hơn hoa cái; lá đài hình tam giác nhọn; cánh hoa hình mác rời nhau; nhị 5,bao phấn dính nhau; bầu có 3 vòi nhụy.Quả mọng, nạc, hình cầu, đường kính 5-9mm, nhẵn, khi chín màu đen, hạt 2-3, gần hình ba cạnh, hơi dẹt, đường kính 4mm.Mùa hoa: tháng 7-8, mùa quả tháng 9-10.",,"Loài cây này mọc nhiều ở độ cao trên dưới 2000m so với mặt nước biển, trong các khu rừng thưa, ẩm thấp, khí hậu lạnh quanh năm bao gồm: Nhật Bản, Bắc Triều Tiên, Nam Trung Quốc, các tỉnh vùng núi phía Bắc của Việt Nam.
Riêng tại Việt Nam, khi tiến hành cuộc khảo sát dược liệu tại Fansipan, các nhà khoa học Việt Nam đã phát hiện một quần thể rộng lớn cây Giảo cổ lam mọc hoang ở độ cao 1500m thuộc dãy Hoàng Liên Sơn.
Theo thông tin thu thập được, người dân nơi đây đã dùng cây này từ nhiều đời nay nhằm tăng lực, chống mệt mỏi khi đi rừng, tăng cường sức khỏe. Mẫu cây này sau đó được gửi đến Viện Dược liệu Trung ương và đến các phòng nghiên cứu thực vật lớn trên thế giới và xác định đúng là cây Gynostemma pentaphyllum. Qua nghiên cứu cho thấy, giảo cổ lam Việt Nam có chất lượng tương đương với giảo cổ lam của Nhật Bản và Trung Quốc.
Đặc biệt, tại Việt Nam có công ty TNHH Tuệ Linh đã phát triển thành công 1 vùng trồngGiảo cổ lam 5 láquý hiếm (Ngũ diệp sâm) rộng 5 ha đạt chuẩn thực hành tốt trồng trọt và thu hái của Tổ chức Y tế thế giới (GACP – WHO) tại Mộc Châu. Được biết, đây chính là giảo cổ lam mà các quốc gia như Nhật Bản, Trung Quốc đặc biệt ưa chuộng. Kể từ khi phát hiện ra Giảo cổ lam vào năm 1997, GS.TS Phạm Thanh Kỳ (Thầy thuốc nhân dân, nguyên hiệu trưởng ĐH Dược Hà Nội) đã đăng ký đề tài nghiên cứu khoa học cấp Nhà nước.
Cho đến nay, GS.TS Phạm Thanh Kỳ cùng với các nhà khoa học Viện dược liệu, Bộ môn Dược lý Trường đại học Y Hà Nội và công ty TNHH Tuệ Linh đã phối hợp nghiên cứu làm rõ tác dụng hạ đường huyết, mỡ máu và huyết áp của cây thuốc quý này. Để mua đúng loại giảo cổ lam 5 lá này, các bạn có thể liên hệ với công ty TNHH theo số hotline của công ty là 18001190.

Hình 2: Vùng trồng Giảo cổ lam 5 lá (Ngũ diệp sâm) lớn nhất Việt Nam đạt chuẩn GACP-WHO tại Mộc Châu",Toàn cây,"Giảo cổ lam là một trong những cây dược liệu cổ quý hiếm được biết đến với rất nhiều tác dụng trong y học. Dược liệu này đã được sử dụng từ rất lâu đời ở các nước như Nhật Bản, Ấn Độ, Indonesia, Triều Tiên, đặc biệt là Trung Quốc.
Ở Trung Quốc, Giảo cổ lam đã được các vua chúa Trung Quốc sử dụng từ xa xưa để tăng cường sức khỏe, kéo dài tuổi thọ và làm đẹp. Cây này được hoàng đế Tần Thủy Hoàng ưa dùng với mong muốn trường sinh bất lão, do vậy giảo cổ lam còn được gọi là cỏ trường thọ.
Ở Nhật Bản, năm 1976, các nhà khoa học tình cờ phát hiện ra Giảo cổ lam khi nghiên cứu một bộ lạc sống trên vùng núi cao có tuổi thọ bình quân xấp xỉ 100 tuổi. Nguyên nhân là do người dân nơi đây đã dùng giảo cổ lam, chế biến thành trà uống hàng ngày, để tăng cường sức khỏe. Người dân Nhật Bản gọi giảo cổ lam với cái tên Phúc Âm Thảo.
Giảo cổ lam đã được ghi trong sách cổ “Nông chính toàn thư hạch chú”, quyển Hạ năm 1694 và trong cuốn “Từ điển cây thuốc Việt Nam” với những công dụng sau:
Ba chống: Chống u, chống lão hóa, chống mệt mỏiBa giảm: Giảm béo, giảm căng thẳng, giảm nám sạm daNăm tốt: Ăn ngủ tốt, tiêu hóa tốt, da dẻ tốt, sức khỏe tốt và giúp tỉnh táo.
Ngày nay, trải qua nhiều năm nghiên cứu, các nhà khoa học đã chứng minh được công dụng của giảo cổ lam với sức khỏe con người."
Thảo quả,https://tracuuduoclieu.vn/wp-content/uploads/2018/05/thao-qua-duoc-lieu-tue-linh2.jpg,https://tracuuduoclieu.vn/thao-qua.html,"Thảo quả
Thảo quả là một loại cỏ sống lâu năm, cao chừng 2,5-3m. Có thân, lá, hoa và quả được mô tả cụ thể như sau:
Thân rễ mọc ngang, to thô, có đốt, đường kính chừng 2,5-4cm, giữa có màu trắng nhạt, phía ngoài có màu hồng thơm, mẫm, rất chóng thành xơ.Lá mọc so le, có lá có cuống ngắn, có lá không có cuống, bẹ lá có khía dọc, phiến lá dài 0,60-0,70m, rộng tới 0,20m, nhẵn, mặt trên có màu xanh sẫm, mặt dưới hơi mờ, mép nguyên.Cụm hoa thành bông mọc từ gốc, dài chừng 13-20cm, hoa màu đỏ nhạt.Quả từ 8 đến 17 trên mỗi bông, khi chín có màu đỏ nâu dài khoảng 3-4cm, đường kính 2-3cm, khi còn tươi mặt bóng nhẵn, vỏ ngoài dày 5mm. Trong quả chia thành 3 ngăn, mỗi ngăn có chừng 7 hạt có áo hạt hình tháp ép vào nhau, rất thơm.",,"Thu hái Thảo quả
Phân bố
Thảo quả được trồng và mọc hoang ở những vùng khí hậu mát miền Bắc Việt Nam, chủ yếu tại Lào Cai, Cao Bằng, Hà Giang, Tuyên Quang, Lai Châu. còn thấy ở một số tỉnh Hoa Nam Trung Quốc (Quảng Tây, Vân Nam).
Cây thảo quả được đưa vào trồng ở Việt Nam vào khoảng năm 1890, từ các tỉnh biên giới Việt-Trung. Người ta trồng thành rừng rộng, ở độ cao 1000-1.500m,diện tích hiện nay khoảng 700—800ha.
Thu hái
Thu hoạch vào các tháng 10-12, khả năng ước lượng khoảng 500 tấn mỗi năm.
Chế biến
Cách chế biến sau khi thu hái thảo quả với lượng lớn thông thường được làm như sau:
Khi hái về người ta phơi trên phên thua và sấy lửa nhẹ luôn 3 hay 4 ngày đêm cho đến khi khô.Khi quả thảo quả khô, màu sẽ ngả xám mâu nhạt, nhiều nát nhăn dọc và thường được phủ một lớp phấn trắng, mỗi quả cân nặng chừng 4g.Khi sấy không nên để lửa quá già, vỏ có thể bị cháy sém mà trong ruột hạt chưa thật khô, dễ bị vụn. Sau đó đóng bao,mỗi bao 50 đến 100kg. Để nơi khô ráo.Khi nào dùng mới bóc vỏ ngoài lấy hạt, nếu bóc lấy hạt ngay sẽ chóng mất mùi thơm.
Các phương pháp chế biến thảo quả khác:
Vì sấy thảo quả dễ bị cháy phần vỏ trong khi ruột hạt chưa đủ độ chín thơm nên thường người ta có các phương pháp nướng, rang, sao thảo quả sao cho chín bên trong mà không bị cháy lớp vỏ ngoài. Cụ thể có các cách như sau:
Thảo quả nướng ủ tro nóng: Đem quả Thảo quả còn cả vỏ nướng vào tro nóng đến khi có mùi thơm thì lấy ra bóc bỏ vỏ ngoài.Thảo quả nướng bọc bột mỳ: Cũng có thể dùng bột mỳ nhão, làm áo bọc ngoài quả rồi mới nướng, đến khi áo bột đen đi thì lấy ra bóc bỏ vỏ.Thảo quả sao cát: Đem cát rang nóng già; cho nhân Thảo quả vào sao đến khi có màu vàng hơi đen. Rây bỏ cát.Thảo quả sao cám: Tương tự với sao cát. Đem Thảo quả (10kg) cùng cám (1kg) sao nhỏ lửa đến khi có màu vàng. Rây bỏ cám.Thảo quả trích gừng: Trước tiên giã 2kg gừng tươi, vắt lấy nước cốt, tẩm đều vào Thảo quả, để hút hết nước. Sao đến khi khô cho mùi thơm.",,"Công dụng Thảo quả
Thảo quả là một vị thuốc, đồng thời là một gia vị. thảo quả tường được dùng để thêm vào một số bánh kẹo, đặc biệt loại kẹo chè lam. Trong thuốc, thảo quả chỉ mới thấy dùng trong phạm vi nhân dân.[1]
Trong các sách cổ, người ta cho thảo quả có vị cay, chát, tính ôn và không độc, vào hai kinh Tỳ và Vị, có năng lực táo thấp, khử hàn, trừ đờm, chữa sốt rét, tiêu thực, hoá tích dùng làm thuốc kiện tỳ, giải độc, chữa đau bụng, nôn mửa, hôi mồm.
Theo sách Cây thuốc ở việt nam Ấn phẩm của WHO liên kết với Viện dược liệu Hà nội: Thảo quả có tác dụng như: kháng khuẩn và làm dịu dạ dày, được dùng để giảm chứng khó tiêu, đầy hơi, đau bụng, nôn mửa, tiêu chảy và ho. Hạt của cây này cũng được dùng làm nước súc miệng để điều trị đau răng, viêm nướu và bệnh nha chu.[2]
Theo y học hiện đại, Thảo quả được sử dụng để hỗ trợ điều trị ung thư, viêm nhiễm, bệnh tim mạch, tiểu đường, bệnh đường tiêu hóa, v.v.[3]
Liều dùng hàng ngày: 3 đến 6g dùng riêng hay phối hợp với nhiều vị thuốc khác, sắc hay làm thành thuốc viên.
Công dụng của Thảo quả: khử hàn, trừ đờm chữa ho, đau bụng, nôn, dễ tiêu, sốt rét, kích thích tiêu hóa, giải độc."
Sâm cau,https://tracuuduoclieu.vn/wp-content/uploads/2018/05/sam-cau-4-360x360.jpg,https://tracuuduoclieu.vn/sam-cau.html,,"Trên thế giới,Sâm cauphân bố ở một số tỉnh phía nam Trung Quốc, Lào, Việt Nam và một vài nước khác ở Đông Nam Á. Ở Việt Nam, cây phân bố rải rác ở các tỉnh vùng núi, từ Lai Châu, Tuyên Quang, Cao Bằng. Trước năm 1980, các tỉnh Sơn La, Hòa Bình thường khai thác được nhiều cây thuốc này và hiện nay trở nên hiếm dần. Trước thực trạng này, công ty TNHH Tuệ Linh đã tiên phong phát triển một vùng trồng Sâm cau rộng 3 ha ở vùng núi Tây Bắc nhằm bảo vệ loại thảo dược quý này thoát khỏi nguy cơ tuyệt chủng đang cận kề áp sát.
Sâm cau là loại cây ưa ẩm, ưu sáng và có thể hơi chịu bóng, thường mọc trên những nơi đất còn tương đối màu mỡ trong thung lũng, chân núi đá vôi hoặc ven nương rẫy. Cây sinh trưởng tốt trong mùa mưa ẩm, phần thân rễ chính dạng củ, cắm sâu xuống đất, hoa quả hàng năm, khi già tự mở để hạt phát tán ra xung quanh.

Hình 2: Vùng trồng Sâm cau của công ty TNHH Tuệ Linh","Trên thế giới,Sâm cauphân bố ở một số tỉnh phía nam Trung Quốc, Lào, Việt Nam và một vài nước khác ở Đông Nam Á. Ở Việt Nam, cây phân bố rải rác ở các tỉnh vùng núi, từ Lai Châu, Tuyên Quang, Cao Bằng. Trước năm 1980, các tỉnh Sơn La, Hòa Bình thường khai thác được nhiều cây thuốc này và hiện nay trở nên hiếm dần. Trước thực trạng này, công ty TNHH Tuệ Linh đã tiên phong phát triển một vùng trồng Sâm cau rộng 3 ha ở vùng núi Tây Bắc nhằm bảo vệ loại thảo dược quý này thoát khỏi nguy cơ tuyệt chủng đang cận kề áp sát.
Sâm cau là loại cây ưa ẩm, ưu sáng và có thể hơi chịu bóng, thường mọc trên những nơi đất còn tương đối màu mỡ trong thung lũng, chân núi đá vôi hoặc ven nương rẫy. Cây sinh trưởng tốt trong mùa mưa ẩm, phần thân rễ chính dạng củ, cắm sâu xuống đất, hoa quả hàng năm, khi già tự mở để hạt phát tán ra xung quanh.

Hình 2: Vùng trồng Sâm cau của công ty TNHH Tuệ Linh","Thân rễ, thu hái quanh năm, đào về rửa sạch ngâm nước vo gạo để khử bớt độc, rồi phơi khô.

Hình 3: Thân rễ sâm cau vừa được thu hoạch","Sâm cau được dùng chữa nam giới tinh lạnh, liệt dương, người già đái són, lạnh dạ, kém ăn, tê thấp, lưng gối vận động khó khăn. Liều dùng mỗi ngày 12 – 20g dưới dạng thuốc sắc hay ngâm rượu uống. Dùng riêng hoặc phối hợp với các vị khác. Còn dùng chữa hen và tiêu chảy. Nhân dân ở một số vùng dân tộc thiểu số dùng rễ củ sâm cau làm thuốc bổ. Dùng ngoài, rễ giã nát đắp chữa lở loét.
Trong y học cổ truyền Trung Quốc, nước sắc thân rễ sâm cau tán bột được dùng làm thuốc bổ chung, thuốc hồi sức để điều trị suy nhược cơ thể, đau lưng, viêm khớp, viêm thận mạn tính. Thuốc còn làm tăng huyết áp, và điều kinh.
Ở Ấn Độ, Nepal và Philipin, thân rễ sâm cau được dùng làm thuốc lợi tiểu và kích dục chữa bệnh ngoài da, loét dạ dày tá tràng, trĩ, lậu, bạch đới, hen, vàng da, tiêu chảy và nhức đầu.Ở Ấn Độ, người ta còn dùng thân rễ sâm cau để gây sẩy thai dưới dạng thuốc sắc, hoặc thuốc bột uống với đường trong một cốc sữa. Rễ sâm cau là một thành phần trong bài thuốc cổ truyền Ấn Độ gồm 10 dược liệu trị sỏi niệu. Dùng ngoài, rễ sâm cau giã nát, đắp chữa ngứa và bệnh ngoài da.Ở Thái Lan, thân rễ sâm cau là thuốc lợi tiểu và trị tiêu chảy.Ở Papua Niu Guiê, thân rễ và lá sâm cau được hơ nóng cho mềm, rồi chà xát lên cơ thể làm thuốc tránh thụ thai.
Ghi chú: Dùng sâm cau liều cao kéo dài sẽ gây cường dương, làm tinh hao kiệt sức. Người hư yếu không dùng.Xem thêm: [Video] Sâm cau – Lựa chọn sao cho đúng!
https://tracuuduoclieu.vn/wp-content/uploads/2020/11/sam-cau-chon-sao-c.mp4"
Cà gai leo,https://tracuuduoclieu.vn/wp-content/uploads/2018/06/ca-gai-leo-duoc-lieu-tue-linh2.jpg,https://tracuuduoclieu.vn/ca-gai-leo.html,,"Cà gai leo là cây ưa ẩm, ưa sáng và có thể hơi chịu bóng, thường mọc tập trung nhiều cá thể, lẫn trong các lùm bụi thưa quanh làng, bãi hoang, kể cả các bụi tre gai. Cây mọc ở chỗ nhiều ánh sáng, sinh trưởng phát triển tốt, ra nhiều hoa quả. Cà gai leo có khả năng tái sinh từ hạt hoặc từ các phần thân và gốc còn lại sau khi chặt. Ngoài ra, từ các đoạn thân và cành trồng vào mùa xuân cũng có thể mọc thành cây mới.
Cà gai leo phân bố chủ yếu ở một vài nước nhiệt đới Châu Á như Campuchia, Thái Lan, đảo Hải Nam – Trung Quốc. Tại Việt Nam, vùng phân bố cà gai leo tương đối phong phú, trải dọc khắp các tỉnh ven biển từ Hải Phòng đến Bình Thuận. Đặc biệt, tổng sản lượng của các tỉnh từ Thanh Hóa trở vào có thể đạt vài chục tấn nguyên liệu mỗi năm.
Vùng trồng cà gai leo lớn nhất Việt Nam đạt chuẩn thực hành tốt trồng trọt và thu hái của Tổ chức Y tế thế giới (GACP – WHO) hiện nay có diện tích 15ha nằm tại xã Mỹ Thành, Mỹ Đức, Hà Nội, thuộc quyền sở hữu của công ty TNHH Tuệ Linh.
Hình 2: Vùng trồng Cà gai leo lớn nhất Việt Nam đạt chuẩn GACP-WHO tại Mỹ Thành, Mỹ Đức, Hà Nội","Cà gai leo là cây ưa ẩm, ưa sáng và có thể hơi chịu bóng, thường mọc tập trung nhiều cá thể, lẫn trong các lùm bụi thưa quanh làng, bãi hoang, kể cả các bụi tre gai. Cây mọc ở chỗ nhiều ánh sáng, sinh trưởng phát triển tốt, ra nhiều hoa quả. Cà gai leo có khả năng tái sinh từ hạt hoặc từ các phần thân và gốc còn lại sau khi chặt. Ngoài ra, từ các đoạn thân và cành trồng vào mùa xuân cũng có thể mọc thành cây mới.
Cà gai leo phân bố chủ yếu ở một vài nước nhiệt đới Châu Á như Campuchia, Thái Lan, đảo Hải Nam – Trung Quốc. Tại Việt Nam, vùng phân bố cà gai leo tương đối phong phú, trải dọc khắp các tỉnh ven biển từ Hải Phòng đến Bình Thuận. Đặc biệt, tổng sản lượng của các tỉnh từ Thanh Hóa trở vào có thể đạt vài chục tấn nguyên liệu mỗi năm.
Vùng trồng cà gai leo lớn nhất Việt Nam đạt chuẩn thực hành tốt trồng trọt và thu hái của Tổ chức Y tế thế giới (GACP – WHO) hiện nay có diện tích 15ha nằm tại xã Mỹ Thành, Mỹ Đức, Hà Nội, thuộc quyền sở hữu của công ty TNHH Tuệ Linh.
Hình 2: Vùng trồng Cà gai leo lớn nhất Việt Nam đạt chuẩn GACP-WHO tại Mỹ Thành, Mỹ Đức, Hà Nội","Rễ và cành lá cà gai leo, thu hái quanh năm, rửa sạch, thái nhỏ, phơi hay sấy khô. Có khi dùng tươi.
Đọc thêm:Lưu ý khi dùng cà gai leo tươi","Cà gai leo là cây thuốc nam có rất nhiều công dụng tốt với sức khỏe, chẳng hạn như:
– Giải độc gan: Dịch chiết cà gai leo có tác dụng bảo vệ gan khỏi chất độc bằng cách kích thích quá trình bài tiết và chuyển hóa các chất độc hại trong gan, từ đó ngăn chặn tổn thương nhu mô gan, giúp bảo tồn cấu trúc tế bào gan.
Tìm hiểu thêm:Công dụng cải thiện gan nhiễm mỡ của cà gai leo
– Ức chế xơ gan, hỗ trợ điều trị viêm gan B:Hoạt chất glycoalcaloid trong cà gai leo có khả năng ức chế sự nhân lên của virus viêm gan B, giảm nồng độ virus này trong máu đồng thời kích thích phục hồi tế bào gan. Không những vậy, hoạt chất glycoalcaloid còn có tác dụng kháng viêm, chống oxy hóa, ngăn chặn hình thành các sợi collagen trong gan từ đó ức chế xơ gan hiệu quả.
– Trị rắn cắn:Các hoạt chất có trong rễ cà gai leo có tác dụng tiêu độc, giảm nguy cơ nhiễm trùng và biến chứng do rắn cắn.
– Chữa hen suyễn, ho gà:Dịch chiết cà gai leo có khả năng làm ổn định tế bào mast, hạn chế sản xuất các chất trung gian gây co thắt đường thở, từ đó giảm các triệu chứng hen phế quản, ho gà
– Chữa phong thấp:Trong rễ và dây cà gai leo có chứa các thành phần như alkaloid, tinh bột, flavonoid nên có tác dụng rất tốt trong chữa phong thấp, đau nhức gân xương.
– Chữa cảm cúm:Hoạt chất flavonoid và alkaloid trong cà gai leo có khả năng chống viêm, kháng khuẩn tốt nên có thể sử dụng để chữa cảm cúm.
– Chữa dị ứng:Cà gai leo giúp ức chế sự phân hủy của tế bào mast, điều chỉnh sự giải phóng của các interleukin, từ đó giúp kiểm soát dị ứng cùng các tình trạng viêm nhiễm khác
– Phòng chống ung thư:Hoạt chất glycoalkaloid trong cà gai leo có tính chống oxy hóa mạnh, giúp bảo vệ tế bào khỏi sự tấn công của các gốc tự do, từ đó phòng chống nguy cơ ung thư.
Ngoài công dụng trên, cà gai leo còn được nhân dân ở một số nơi dùngchữa say rượu. Người ta cho rằng trong sau khi uống rượu, thỉnh thoảng xát răng bằng rễ cà gai leo thì tránh được say. Nếu đã bị say, uống nước sắc của rễ."
Xạ can,https://tracuuduoclieu.vn/wp-content/uploads/2018/05/xa-can-duoc-lieu-tue-linh1.jpg,https://tracuuduoclieu.vn/xa-can.html,"Cây thân thảo, sống nhiều năm, cao 0,5-1m. Thân rễ mọc bò, phân nhiều nhánh. Thân ngắn bao bọc bởi những bẹ lá.Lá hình dải, dài 30cm, rộng 2cm, gốc ốp lên nhau, đầu nhọn, gân song song, toàn bộ các lá xếp thành một mặt phẳng và xòe ra như cái quạt.Cụm hoa phân nhánh, dài 30-40cm; lá bắc dạng vảy, hoa có cuống dài, xếp trên nhánh như những tán đơn, màu cam điểm đốm tía; đài có răng nhỏ hình mũi mác; tràng có cánh rộng và dài hơn lá đài; nhị 3, đính ở gốc cánh hoa; bầu 3 ô.Quả nang, hình trứng; hạt nhiều, màu đen bóng.Mùa hoa quả: tháng 7-10.",,"Cây mọc hoang khắp nơi ở Việt Nam. Có khi được trồng làm cảnh. Ngoài ra, còn mọc ở Trung Quốc, Nhật Bản, Philippin.
Thu hái:
Thân rễ thu hái vào mùa xuân hoặc mùa thu.Rửa sạch, cắt bỏ rễ con phơi hay sấy khô, khi dùng, ngâm nước gạo một hai ngày cho mềm, thái mỏng phơi hay sấy khô mà dùng dần.",,"Xạ can còn là một vị thuốc dùng trong phạm vi nhân dân.
Chủ yếu làm thuốc chữa viêm cổ họng, vùng amidan bị sưng mủ, đau cổ. Nói chung xạ can được coi là một vị thuốc quý chữa mọi bệnh về cổ họng.
Ngoài ra còn là một vị thuốc chữa sốt, đại tiểu tiện không thông, sưng vú tắc tia sữa, chữa kinh nguyệt đau đớn, thuốc lọc máu. Có nơi còn dùng chữa rắn cắn: Nhai nuốt lấy nước, bã đắp lên nơi rắn cắn.
Liều dùng:
Ngày dùng 3-6g dưới dạng thuốc sắc. Hoặc giã củ tươi 10-20g với vài hạt muối, vắt lấy nước, ngậm nuốt dần. Bã đắp ở ngoài.
Kiêng kỵ:
Người tỳ vị hư hàn, phụ nữ có thai không dùng được.
Đơn thuốc có xạ can
Chữa viêm họng: Xạ can 4g, kinh giới 16g: kim ngân, huyện sâm, sinh địa, mỗi vị 12g, bạc hà, cỏ nhọ nồi, tang bạch bì, mỗi vị 8g. Sắc uống ngày một thang.Chữa viêm họng, ho đờm: Xạ can,cam thảo dâyhoặc mạch môn, mỗi vị 10g. Sắc uống ngày một thangChữa viêm amidan cấp tính: Xạ can 6g; kim ngân hoa, cỏ nhọ nổi, bồ công anh, mỗi vị 16g; huyền sâm, sinh địa, sơn đậu căn, mỗi vị 12g; bạc hà, ngưu bàng tử, mỗi vị 8g, cát cánh 6g. Sắc uống ngày một thang.Chữa viêm amidan mạn tính: Xạ can 8g, huyền sâm 16g; sa sâm, mạch môn, tang bạch bì, ngưu tất, mỗi vị 12g;thăng ma6g, cát cánh 4g. Sắc ngày 1 thang.Chữa hen phế quản thể hàn: Xạ can, tô tử,ma hoàng, bán hạ chế, hạnh nhân, bách bộ, thảo quả, mỗi vị 10g;cam thảo, quế chi, bồ kết, mỗi vị 6g. Sắc uống ngày một thang.Chữa hen phế quản thể nhiệt: Xạ can 10g, thạch cao 20g, đại táo 12g, hạnh nhân 10g, ma hoàng, tô tử, đình lịch tử, mỗi vị 8g, bán hạ chế 6g, gừng tươi 4g. Sắc uống ngày một thang.Chữa tắc cổ họng: Xạ can 4g, hoàng cầm, sinh cam thảo, cát cánh, mỗi vị 2g. Các vị tán nhỏ uống với nước đun sôi để nguội.Chữa sưng đau: Xạ can, lácúc tần, mỗi vị 20g, lá thầu dầu tía 10g. Giã nhỏ với cơm nóng, nặn thành bánh đắp vào chỗ sưng đau, băng lại. Ngày làm hai lần.Chữa đại, tiểu tiện không thông, bụng báng: Xạ can (để sống) 12g, giã nát, hòa vào một chén nước, lọc bỏ bã uống mỗi ngày đến khi thấy lợi đại, tiểu tiện thì thôi.Chữa sốt rét: Xạ can 6g, tri mẫu 20g, sài hổ, ý dĩ sao, mạch môn, thanh hao, hoàng đằng, trần bì, bán hạ chế, chỉ xác, cam thảo nam, hoàng cầm, tô tử, mỗi vị 10g. Sắc uống ngày một thang."
Tỏi,https://tracuuduoclieu.vn/wp-content/uploads/2018/05/toi-360x338.jpg,https://tracuuduoclieu.vn/toi.html,,"Tỏi là một trong những cây trồng cổ xưa nhất còn tồn tại đến ngày nay. Cây có nguồn gốc ở vùng Trung A (Tien Shan), ở đây hiện còn loại tỏi đặc hữu mọc hoang dại là Allium longicuspis Regel. Từ 3000 năm trước công nguyên, tỏi được biết đến ở Hy lạp. Ở Ấn Độ và Trung Quốc, tỏi cũng là cây trồng từ thời cổ đại. Người Tây Ban Nha, Bồ Đào Nha và Pháp đã đưa cây tỏi từ châu Âu sang châu Mỹ.
Ngày nay, tỏi là cây trồng rộng rãi khắp thế giới, từ vùng có khí hậu nhiệt đới xích đạo (5⁰) đến 50⁰ vĩ tuyến ở cả 2 bán cầu. Trải qua  hàng ngàn năm trồng trọt và chọn lọc, từ loài tỏi ban đầu đã hình thành nhiều giống tỏi khác nhau, tương đương với các  thứ như A. sativum L. var. sativum; var. typicum Regel; var. ophioscoiodon (Link) Doll và var. controversum (Schrader) Moore. Tất nhiên giữa các giống này, chúng khác nhau về kích thước, hàm lượng tinh dầu, năng suất cũng như đặc tính thích nghi với các vùng có điều kiện khí hậu khác nhau.
Ở Việt Nam, tỏi được trồng khắp các địa phương từ nam chí bắc. Hiện đang có 2 nhóm tỏi khác nhau là nhóm tỏi củ nhỏ, thơm, nhiều tinh dầu, được trồng ở các tỉnh phía bắc vào khoảng tháng 1 -2, thu hoạch vào tháng 5 – 6. Nhóm tỏi củ to, trồng ở các tỉnh phía Nam, nhất là ven biển miền Trung, đảo Lý Sơn – Quảng Ngãi, Bình Thuận và Ninh Thuận.
Theo số liệu của FAO (1990) tổng sản lượng tỏi toàn thế giới xấp xỉ 3 triệu tấn mỗi năm. Trung Quốc, Hàn Quốc, Ấn Độ, Tây Ban Nha, Mỹ và Thái Lan là những nước sản xuất nhiều tỏi nhất. Tỏi trồng ở Việt Nam nhìn chung là dư thừa cho nhu cầu trong nước, một phần cũng đã được xuất khẩu.","Tỏi là một trong những cây trồng cổ xưa nhất còn tồn tại đến ngày nay. Cây có nguồn gốc ở vùng Trung A (Tien Shan), ở đây hiện còn loại tỏi đặc hữu mọc hoang dại là Allium longicuspis Regel. Từ 3000 năm trước công nguyên, tỏi được biết đến ở Hy lạp. Ở Ấn Độ và Trung Quốc, tỏi cũng là cây trồng từ thời cổ đại. Người Tây Ban Nha, Bồ Đào Nha và Pháp đã đưa cây tỏi từ châu Âu sang châu Mỹ.
Ngày nay, tỏi là cây trồng rộng rãi khắp thế giới, từ vùng có khí hậu nhiệt đới xích đạo (5⁰) đến 50⁰ vĩ tuyến ở cả 2 bán cầu. Trải qua  hàng ngàn năm trồng trọt và chọn lọc, từ loài tỏi ban đầu đã hình thành nhiều giống tỏi khác nhau, tương đương với các  thứ như A. sativum L. var. sativum; var. typicum Regel; var. ophioscoiodon (Link) Doll và var. controversum (Schrader) Moore. Tất nhiên giữa các giống này, chúng khác nhau về kích thước, hàm lượng tinh dầu, năng suất cũng như đặc tính thích nghi với các vùng có điều kiện khí hậu khác nhau.
Ở Việt Nam, tỏi được trồng khắp các địa phương từ nam chí bắc. Hiện đang có 2 nhóm tỏi khác nhau là nhóm tỏi củ nhỏ, thơm, nhiều tinh dầu, được trồng ở các tỉnh phía bắc vào khoảng tháng 1 -2, thu hoạch vào tháng 5 – 6. Nhóm tỏi củ to, trồng ở các tỉnh phía Nam, nhất là ven biển miền Trung, đảo Lý Sơn – Quảng Ngãi, Bình Thuận và Ninh Thuận.
Theo số liệu của FAO (1990) tổng sản lượng tỏi toàn thế giới xấp xỉ 3 triệu tấn mỗi năm. Trung Quốc, Hàn Quốc, Ấn Độ, Tây Ban Nha, Mỹ và Thái Lan là những nước sản xuất nhiều tỏi nhất. Tỏi trồng ở Việt Nam nhìn chung là dư thừa cho nhu cầu trong nước, một phần cũng đã được xuất khẩu.","Thân hành (giò) thường có tên là đạt toan. Thu hoạch vào cuối đông, có thể dùng tươi hay phơi khô dùng dần.",
Địa Liền,https://tracuuduoclieu.vn/wp-content/uploads/2018/04/a-lien-duoc-lieu-tue-linh-3.jpg,https://tracuuduoclieu.vn/dia-lien.html,"Cây thảo, sống lâu năm, không có thân. Thân rễ gồm nhiều củ nhỏ, hình trứng mọc nối tiếp nhau, có nhiều vân ngang.Lá 2-3 cái hình trứng gần tròn, xòe rộng sát mặt đất, đầu tù rồi thuôn nhọn, gốc thuôn hẹp thành một cuống ngắn rộng có rãnh, mặt trên nhẵn bóng, mặt dưới có lông mịn, mép mỏng màu đỏ, hai mặc có nhiều chấm hình tròn, phiến lá dài 8-10cm, rộng 6-7cm.Cụm hoa không cuống, nằm ẩn trong bẹ lá; lá bắc hình mũi mác nhọn; hoa 6-12 cái, xếp thành hình bánh xe, màu trắng có đốm tím ở giữa; đài có 3 răng dài, hẹp và nhọn; tràng có ống, dài mang 3 thùy; nhị không có chỉ nhị, bao phần có 2 ô song song; có nhị lép, cánh môi to chẻ thành 2 thùy. Toàn cây nhất là thân rễ có mùi thơm và vị nóng.Mùa hoa quả: tháng 5-7.
Tránh nhầm lẫn với cây Kaempferia angustifolia mà nhân dân Phú Thọ cũng gọi là địa liền.",,"Cây mọc hoang và được trồng khắp nơi trong nước ta. Cây còn mọc ở Cam puchia, Trung quốc (Quảng đông, Quảng tây, Vân nam, đài loan), Malaixia, Ấn Độ.
Thu hái:
Từ tháng 12-3 năm sau, người ta đào củ về, cần chọn những cây đã trên 2 năm, rửa sạch sạch đất cát, thái thành miếng mỏng, xông diêm sinh một ngày rồi phơi khô. Tuyệt đối không sấy than, củ sẽ đen mùi kém thơm. Có nơi chỉ đào củ về, rửa sạch phơi khô.Địa liền rất dễ bảo quản, hầu như không bị mốc mọt mặc dù điều kiện bảo quản không hơn so với các vị thuốc khác.",,"Địa liền thường được dùng làm thuốc giúp sự tiêu hoá, làm cho ăn ngon, chóng tiêu và còn dùng làm thuốc xông. Ngâm rượu dùng xoa bóp chữa phù tê, tê thấp nhức đầu, đau nhức.
Ngày dùng 2-4g dưới dạng thuốc sắc, thuốc bột, thuốc viên hay pha chè mà uống, còn dùng trong kỹ nghệ cất tinh dầu chế nước hoa và bảo vệ quần áo chống nhậy.
Đơn thuốc có địa liền
Địa liền 2g, quế chi 1g, hai vị tán nhỏ chia làm 3 lần uống trong một ngày, mỗi lần 0,5 hay 1g bột. Dùng chữa ăn uống không tiêu, đau dạ dày, đau thần kinh (Diệp Quyết Tuyền)."
Sữa ong chúa,https://tracuuduoclieu.vn/wp-content/uploads/2021/10/sua-ong-2-360x360.jpg,https://tracuuduoclieu.vn/sua-ong-chua.html,,,,,"Sữa ong chúa được coi là loại thuốc bổ cao cấp có tác dụng kích thích phần giữa của não, tuyến yên dưới não và tuyến thượng thận, tăng cường tuần hoàn huyết dịch và điều hoà chức năng của các cơ quan trong cơ thể bị lão hoá, được dùng cho những người mới ốm dậy, người già yếu, trẻ em suy dinh dưỡng, phụ nữ sau khi sinh đẻ bị thiếu máu, ít sữa, kém ăn, mất ngủ. Thuốc còn có khả năng kìm hãm một số vi khuẩn gây bệnh, giảm hiện tượng stress ở người lao động quá mức và cải thiện hệ thống miễn dịch. Liều dùng thông thường hàng ngày là 2-3 ml.
Hỏi đáp:Uống sữa ong chúa trước khi mang thai có lợi ích gì?
Sữa ong chúa đã được sản xuất dưới dạng biệt dược có tên là Apilat, Apilarnil, Vita – apinol. Viện Bảo vệ sức khỏe người cao tuổi đã thử nghiệm trên lâm sàng thuốc bổ ” Sữa ong chúa – đinh lăng” thấy có tác dụng tốt làm ăn ngon, dễ ngủ, đỡ mỏi mệt, tăng cân, tăng lực cơ, giảm cholesterol. Thuốc gồm có sữa ong chúa (2,5%), dịch chiết rễ đinh lăng (5%), mật ong (15%), cồn (10%) và tá dược vừa đủ 100%.
Sữa ong chúa còn được chế biến thành bột ở dạng đông khô và đóng thành viên, mỗi viên có 0,06g sữa ong chúa dùng để chữa một số bệnh thần kinh, rối loạn tiêu hoá, thiếu máu, đặc biệt đối với trẻ em và người cao tuổi. Để làm cho da dẻ mịn màng, chữa tàn nhang, trứng cá ở phụ nữ, viêm da có mủ, mụn nhọt và chàm nhẹ ở trẻ sơ sinh, có thể dùng dạng kem sữa ong chúa 3% để bôi hàng ngày. Tuy là loại thuốc bổi dưỡng quý hiếm, nhưng sữa ong chúa lại cung cấp cho cơ thể lượng nhiệt năng rất lớn, nên khi dùng phải tuân thủ nghiêm ngặt liều lượng, thời gian điều trị, nhất là đối với người có bệnh cao huyết áp, bệnh về huyết quản.
Theo tài liệu nước ngoài, sữa ong chúa chứa một số thành phần có tác dụng như hormon (nội tiết tố), có khả năng điều hoà kinh nguyệt và kích thích sinh dục trong một số trường hợp. Uống sữa ong chúa thấy bệnh trạng thuyên giảm rõ rệt ở người mắc bệnh liệt rung (Parkinson) và bệnh nhân bị nhiễm phóng xạ. Còn đối với người bị liệt dương, sữa ong chúa làm khả năng sinh dục dần dần được hồi phục.
Lưu ý:
Người bị dị ứng với mật ong và các sản phẩm từ ong, bị bệnh hen, bệnh Addison do suy giảm về mặt nội tiết của vỏ thượng thận, phụ nữ đang hành kinh cũng không được dùng sữa ong chúa để tránh những phản ứng phụ không có lợi cho sức khoẻ.
Tìm hiểu thêm:
Làm gì khi bôi sữa ong chúa bị ngứa?Uống sữa ong chúa có nóng không?"
Lược vàng,https://tracuuduoclieu.vn/wp-content/uploads/2021/10/luoc-vang-1-1-360x360.jpg,https://tracuuduoclieu.vn/luoc-vang.html,,"Cây lược vàng có nguồn gốc từ vùng Châu Mỹ. Sau này nó được du nhập qua tới Nga, và về Việt Nam. Cây xuất hiện gần như trên cả nước. Với hình dáng dẹp, cây vừa làm cảnh, vừa làm thuốc thảo dược.","Cây lược vàng có nguồn gốc từ vùng Châu Mỹ. Sau này nó được du nhập qua tới Nga, và về Việt Nam. Cây xuất hiện gần như trên cả nước. Với hình dáng dẹp, cây vừa làm cảnh, vừa làm thuốc thảo dược.","Cây thường lấy cả phần thân và lá cây lược vàng làm thuốc, thường thu hái quanh năm, sau đó đem về phơi khô để dùng dần.","Ở Việt Nam, cây Lược vàng được người dân sử dụng theo kinh nghiệm hoặc truyền miệng để chữa khỏi (hoặc giảm nhẹ) các bệnh như: viêm răng lợi, sâu răng, viêm họng, viêm mũi dị ứng, viêm xoang, ho, cảm cúm, viêm phế quản, hen, viêm tai giữa, thối tai, băng huyết, cầm máu vết thương, bỏng, đau đầu mất ngủ, viêm bờ mi mắt, đau mắt đỏ, mẩn ngứa, trĩ, đi ngoài, đau dạ dày, táo bón, gút, ung thư vú, ung thư dạ dày
Ngoài ra, Lược vàng còn có hoạt tính chống oxy hóa, chống tiểu đường, hạ mỡ máu. Người dân sử dụng cây Lược vàng bằng các phương pháp hết sức đơn giản như:
Nhai lá, nuốt cả nước lẫn bã;Giã nát để đắp vết thương, xoa bóp, dịt băng cầm máu, làm tan máu tụ, bầm tím;Dùng lá, thân cây, vòi và rễ ngâm rượu trắng;Phơi khô lá pha nước sôi, nấu nước uống như uống nước chè;Nấu cao, sau đó pha loãng uống, bôi da;
Bài thuốc có vị lược vàng
Chữa đau răng, sưng mộng chân răng: nhai, ngậm lá lược vàng ngày 3 lần sáng, trưa, tối cho đến khỏi vẫn sử dụng cho triệt để.Bệnh huyết áp thấp: uống rượu ngâm lược vàng 2 buổi trưa, tối trước lúc ăn, mỗi lần khoảng 15 giọt, buổi sáng sớm, tối ăn 1 lá, kết hợp đi bộ.Viêm khớp: kết hợp vừa uống vừa xoa bóp bên ngoài. Hoặc cũng có thể dùng lá lược vàng giã nhỏ rồi đắp lên mỗi lần bị đau khớp, một ngày chỉ cần đắp vài lần là khỏi, không cần uống.Bệnh trĩ: nhai lá lược vàng già, mỗi ngày khoảng 3 lá.Bị thương chảy máu hoặc bị bầm tím, rạn xương, ảnh hưởng đến xương: Dùng lálược vàng già nhai sau đó đắp lên vừng bị thương, băng bó lại, hoặc dùng rượu cây lược vàng xoa bóp lên chỗ thương,vết mổ, ngày 2- lần, mỗi lần xoa bóp khỏang 30 phút.Chữa sỏi thận: ăn lá hoặc uống rượu Lược Vàng hoặc vữa ăn vừa uống, uống phải có thời gian nghỉ theo 10-5-10-5.Các bệnh về mắt như đục thủy tỉnh thể mắt, đau mắt hột: dùng lá lược vàng giã nhỏ rồi đắp lên, ngày 2 lần, mỗi lần 30 phút.Các bệnh về miệng như lở miệng, nhiệt miệng: dùng lá lược vàng nhai, ngậm mỗi ngày 3 lần mỗi lần một lá, khoảng 20 – 30 phút.Các bệnh về xương, khớp như bị đau, thoái hóa xương ở các loại xương cổ, xương cột sống, xương tay, chân: dùng rượu lược vàng xoa bóp ngày 3 lần, mỗi lần khoảng 20 phút, vừa ăn ngày 3 lá 3 bữa sáng, chiều, tối. Dùng cho đến sau khi khỏi vẫn dùng để triệt để bệnh."
Dừa nước (Dừa lá),https://tracuuduoclieu.vn/wp-content/uploads/2021/09/dua-3-360x333.jpg,https://tracuuduoclieu.vn/dua-nuoc-dua-la.html,,"Dừa nước phổ biến trên các bờ biển và sông chảy vào Ấn Độ Dương và Thái Bình Dương, từ Ấn Độ đến các đảo Thái Bình Dương. Ở Việt Nam, cây phân bố chủ yếu ở các tỉnh phía Tây Nam Bộ.
Dừa nước là loài cây sinh sống thành dãy ở ven sông, kênh rạch nước lợ, vùng đầm lầy ven sông hoặc ven biển.
Bộ phận dùng:
Quả sau khi thu hái về, đem tách riêng từng quả, sau đó chẻ đôi rồi sử dụng thìa nạo phần cơm bên trong, dùng trực tiếp hoặc sấy khô.","Dừa nước phổ biến trên các bờ biển và sông chảy vào Ấn Độ Dương và Thái Bình Dương, từ Ấn Độ đến các đảo Thái Bình Dương. Ở Việt Nam, cây phân bố chủ yếu ở các tỉnh phía Tây Nam Bộ.
Dừa nước là loài cây sinh sống thành dãy ở ven sông, kênh rạch nước lợ, vùng đầm lầy ven sông hoặc ven biển.
Bộ phận dùng:
Quả sau khi thu hái về, đem tách riêng từng quả, sau đó chẻ đôi rồi sử dụng thìa nạo phần cơm bên trong, dùng trực tiếp hoặc sấy khô.",,"Phôi nhũ dừa nước có tác dụng giãn tĩnh mạch, điều hòa huyết áp, ngừa táo bón, điều hòa kinh nguyệt và trị các vấn đề liên quan như bế kinh, thống kinh, máu kinh ra ít,…
Ở Philippin, khi cuống hoa dừa nước chưa nở, người dân nhựa ngọt, làm thành rượu và bia.Ngoài ra, cánh hoa nở của dừa nước có thể được dùng như trà. Lá giã nát trị lở loét.
Một số món ăn từ dừa nước:
Dừa nước thường được dùng để làm mứt, chè hoặc chế biến thành nước giải khátMứt dừa nướcChè dừa nước
Kiêng ky:
Không nên dùng dừa lá cho người có tạng âm (da xanh tái, ăn uống chậm tiêu, hay bị tiêu chảy, ít khát nước, bắp thịt mềm, chậm chạp).Dùng quá nhiều có thể gây ớn lạnh, đầy bụng, khó chịu và buồn nôn."
Bạch nhất hồng,https://tracuuduoclieu.vn/wp-content/uploads/2021/07/tu-vi-3-360x333.png,https://tracuuduoclieu.vn/bach-nhat-hong.html,,"Tử vi có lẽ có nguồn gốc ở Ấn Độ, về sau được du nhập và trồng ở nhiều nơi trên thế giới, nhất là ở Trung Quốc và Việt Nam. Ở Việt Nam, hiện không rõ tử vi được nhập trồng từ bao giờ; chỉ biết rằng ở một số đình chùa phía Bắc có những cây tử vi to, ước tính cả trăm tuổi. Cây cũng được trồng làm cảnh ở các công viên, nơi công sở hay vườn gia đình.
Tử vi là cây ra sáng, có thể trồng được trên nhiều loại đất; trong điều kiện nghèo dinh dưỡng, tử vi còn trở thành cây bon sai đẹp. Cây ra hoa quả nhiều hằng năm. Trồng được bằng hạt hoặc bằng cành chiết.
Bộ phận dùng:
Rễ, hoa, vỏ thân.","Tử vi có lẽ có nguồn gốc ở Ấn Độ, về sau được du nhập và trồng ở nhiều nơi trên thế giới, nhất là ở Trung Quốc và Việt Nam. Ở Việt Nam, hiện không rõ tử vi được nhập trồng từ bao giờ; chỉ biết rằng ở một số đình chùa phía Bắc có những cây tử vi to, ước tính cả trăm tuổi. Cây cũng được trồng làm cảnh ở các công viên, nơi công sở hay vườn gia đình.
Tử vi là cây ra sáng, có thể trồng được trên nhiều loại đất; trong điều kiện nghèo dinh dưỡng, tử vi còn trở thành cây bon sai đẹp. Cây ra hoa quả nhiều hằng năm. Trồng được bằng hạt hoặc bằng cành chiết.
Bộ phận dùng:
Rễ, hoa, vỏ thân.",,"Nhân dân dùng hoa tử vi trị sản hậu, máu kết thành hòn cục, đới hạ, sốt, vỏ thân trị đau bụng, bế kinh, lở ngứa ngoài da; rễ trị mụn nhọt sưng đau, ghẻ lở ở đầu mặt, chân tay, còn chữa viêm tuyến vú, viêm gan, bụng trướng, các trường hợp xuất huyết.
Liều lượng: ngày 3 – 9g hoa hoặc 10 – 15g rễ hoặc vỏ thần sắc uống, hãm uống hoặc ngâm rượu uống. Dùng ngoài, không kể liều lượng.
Ở Ấn Độ, lá tử vi được dùng để nhuận tràng, tẩy, lợi tiểu, khai thông và thân là thuốc kích thích và chữa sốt, nước hãm vỏ thân chữa đau dạ dày và tiêu chảy, rễ sẵn se và cũng có công dụng như vỏ thân; quả tử vi khó chữa đái tháo đường.Ở Trung Quốc, nhân dân còn dùng bột vỏ cây tử vi nấu với thịt lợn, ăn để điều trị thấp khớp. xuất huyết tử cung, các bệnh nội thương [Perry và Metzger, 1980, Med. Plants of East and Southeast , The MIT Press, Cambridge – Massachusetts, London.p248]."
